Zhu Daniel,Levels/level1,97,1000
Zhu Daniel,Levels/level1,12,5
Zhu Daniel,Levels/level1,12,5
Zhu Daniel,Levels/level1,12,5
Zhu Daniel,Levels/level1,12,5
Zhu Daniel,Levels/level1,12,5
Zhu Daniel,Levels/level1,12,5
Zhu Daniel,Levels/level1,12,5
Zhu Daniel,Levels/level1,12,5
Zhu Daniel,Levels/level1,5,2
Zhu Daniel,Levels/level1,5,2
Zhu Daniel,Levels/level1,5,2
Zhu Daniel,Levels/level1,5,2
Zhu Daniel,Levels/level1,5,2
Zhu Daniel,Levels/level1,5,2
Zhu Daniel,Levels/level1,5,2
Zhu Daniel,Levels/level1,5,2
Zhu Daniel,Levels/level1,20,16
Zhu Daniel,Levels/level1,20,16
Zhu Daniel,Levels/level1,20,16
Zhu Daniel,Levels/level1,20,16
Zhu Daniel,Levels/level1,20,16
Zhu Daniel,Levels/level1,20,16
Zhu Daniel,Levels/level1,20,16
Zhu Daniel,Levels/level1,20,16
Zhu Daniel,Levels/level1,5,4
Zhu Daniel,Levels/level1,5,4
Zhu Daniel,Levels/level1,23,9
Zhu Daniel,Levels/level1,23,9
Zhu Daniel,Levels/level1,23,9
Zhu Daniel,Levels/level1,23,9
Zhu Daniel,Levels/level1,23,9
Zhu Daniel,Levels/level1,23,9
Zhu Daniel,Levels/level1,23,9
Zhu Daniel,Levels/level1,23,9
Zhu Daniel,Levels/level1,23,9
Zhu Daniel,Levels/level1,23,9
Zhu Daniel,Levels/level1,0,0
Zhu Daniel,Levels/level1,23,9
Zhu Daniel,Levels/level1,23,9
Zhu Daniel,Levels/level1,0,0
Zhu Daniel,Levels/level1,0,0
Zhu Daniel,Levels/level1,2,2
Zhu Daniel,Levels/level1,2,2
Zhu Daniel,Levels/level1,2,2
Zhu Daniel,Levels/level1,2,2
Zhu Daniel,Levels/level1,23,9
Zhu Daniel,Levels/level1,23,10
Zhu Daniel,Levels/level1,23,10
Zhu Daniel,Levels/level1,56,29
Zhu Daniel,Levels/level1,100,78
Zhu Daniel,Levels/level2,100,80
Zhu Daniel,Levels/level3,100,354
Zhu Daniel,Levels/level2,100,80
Zhu Daniel,Levels/level1,100,78
Zhu Daniel,Levels/level1,100,78
Zhu Daniel,Levels/level2,100,80
Zhu Daniel,Levels/level3,100,354
Zhu Daniel,Levels/level4,100,236
Zhu Daniel,Levels/level1,100,78
Zhu Daniel,Levels/level1,100,78
Zhu Daniel,Levels/level1,100,78
Zhu Daniel,Levels/level1,100,78
Zhu Daniel,Levels/level1,100,78
Zhu Daniel,Levels/level1,100,78
Zhu Daniel,Levels/level1,100,78
Zhu Daniel,Levels/level1,100,78
Zhu Daniel,Levels/level1,100,78
Zhu Daniel,Levels/level1,100,78
Zhu Daniel,Levels/level1,100,78
Zhu Daniel,Levels/level1,100,78
Zhu Daniel,Levels/level5,34,34
Zhu Daniel,Levels/level5,43,44
Zhu Daniel,Levels/level5,100,452
Zhu Daniel,Levels/level5,1,2
Zhu Daniel,Levels/level5,1,2
Zhu Daniel,Levels/level5,1,2
Zhu Daniel,Levels/level5,1,2
Zhu Daniel,Levels/level5,90,180
Zhu Daniel,Levels/level5,0,0
Zhu Daniel,Levels/level5,100,196
Zhu Daniel,Levels/level5,100,196
Zhu Daniel,Levels/level6,100,34
Zhu Daniel,Levels/level7,100,264
Zhu Daniel,Levels/level8,100,952
Zhu Daniel,Levels/level8,100,952
Zhu Daniel,Levels/level8,100,952
Zhu Daniel,Levels/level8,100,952
Daniel Zhu,Levels/level1,100,78
Daniel Zhu,Levels/level2,100,80
Daniel Zhu,Levels/level3,100,354
Daniel Zhu,Levels/level4,100,236
Daniel Zhu,Levels/level5,100,196
Daniel Zhu,Levels/level6,100,34
Daniel Zhu,Levels/level7,100,264
Daniel Zhu,Levels/level8,100,952
Daniel Zhu,./Levels/level8,100,952
Daniel Zhu,./Levels/level8,100,952
Daniel Zhu,./Levels/level8,100,952
Daniel Zhu,./Levels/level8,100,952
